Business Niche,Company Name,Location: USA,Phone Number,Yelp URL,Website URL
Car Detailing Service,Sponges Mobile Car Wash &amp; Detailing,"400 West Anderson Ln, Austin, TX, 78752",(512) 576-0837,https://www.yelp.com/biz/sponges-mobile-car-wash-and-detailing-austin,
Car Detailing Service,Above &amp; Beyond Detailing Services,"Austin, TX, 78702",(512) 850-7675,https://www.yelp.com/biz/above-and-beyond-detailing-services-austin,http://www.aboveandbeyondtx.com
Car Detailing Service,Two Brothers Hand Wash and Detailing,"201 E 53rd St, Austin, TX, 78751",(737) 333-0336,https://www.yelp.com/biz/two-brothers-hand-wash-and-detailing-austin,
Car Detailing Service,Centex Mobile Detailing,"Austin, TX, 78702",(512) 882-0748,https://www.yelp.com/biz/centex-mobile-detailing-austin-2,https://centexshinycars.com
Car Detailing Service,Taurus Auto Detailing,"10421 Old Manchaca Rd
Ste 200, Austin, TX, 78748",(512) 988-9866,https://www.yelp.com/biz/taurus-auto-detailing-austin,https://taurusautodetailing.com
Car Detailing Service,Wash on Wheels,"Pflugerville, TX, 78660",(737) 400-1325,https://www.yelp.com/biz/wash-on-wheels-pflugerville-8,http://www.washonwheelstx.com
Car Detailing Service,ECO Advanced Detailing,"Austin, TX, 78703",(512) 200-5575,https://www.yelp.com/biz/eco-advanced-detailing-austin,https://ecoadvanceddetailing.com
Car Detailing Service,Pristine Auto Detailing,"2000 Windy Ter
Bldg 22 Unit A, Cedar park, TX, 78613",(512) 948-1506,https://www.yelp.com/biz/pristine-auto-detailing-cedar-park-2,http://padtx.com
Car Detailing Service,5 Star Clean ATX,"Austin, TX, 78749",(737) 975-9190,https://www.yelp.com/biz/5-star-clean-atx-austin-4,http://5starcleansatx.com
Car Detailing Service,Wash Me Mobile Detailing,"Austin, TX, 78744",(443) 685-4950,https://www.yelp.com/biz/wash-me-mobile-detailing-austin,
Car Detailing Service,Suds Deluxe Car Wash,"2991 FM1460, Georgetown, TX, 78626",(512) 897-1341,https://www.yelp.com/biz/suds-deluxe-car-wash-georgetown,https://www.sudsdeluxe.com
Car Detailing Service,The Austin Body Shop,"Austin, TX, 78744",548807481988666,https://www.yelp.com/biz/the-austin-body-shop-austin-20,
Car Detailing Service,The Wash Tub,"3309 Williams Dr, Georgetown, TX, 78628",(512) 930-0997,https://www.yelp.com/biz/the-wash-tub-georgetown,http://www.washtub.com/
Car Detailing Service,Master Hand Wash Auto Detail,"10505 N Fm 620, Austin, TX, 78726",548807481988666,https://www.yelp.com/biz/master-hand-wash-auto-detail-austin,
Car Detailing Service,Water Works Auto Spa,"22287 I-35, Kyle, TX, 78640",(512) 504-3796,https://www.yelp.com/biz/water-works-auto-spa-kyle,http://www.waterworksautospa.com
Car Detailing Service,Comanche Detail Works,"Pflugerville, TX, 78660",(737) 333-4423,https://www.yelp.com/biz/comanche-detail-works-pflugerville,
Car Detailing Service,Waxd Car Detailing,"1610 Enfield Rd, Austin, TX, 78703",(512) 361-5948,https://www.yelp.com/biz/waxd-car-detailing-austin,https://www.waxdmobile.com
Car Detailing Service,Palms Car Wash,"Austin, TX, 78745",(512) 222-6811,https://www.yelp.com/biz/palms-car-wash-austin-6,http://www.palmscarwash.com
Car Detailing Service,Royal Auto Finishes,"5214 Burleson Rd
Ste 412, Austin, TX, 78744",(512) 888-9949,https://www.yelp.com/biz/royal-auto-finishes-austin,http://royal-auto-finishes.com
Car Detailing Service,Austin Mobile Auto Detailing,"Kyle, TX, 78640",(512) 590-0499,https://www.yelp.com/biz/austin-mobile-auto-detailing-kyle,http://www.austinmobileautodetailing.com
